RMS,Peak,Crest_Factor,Kurtosis,Skewness,Variance,Peak2Peak,Energy_0_50Hz,Energy_50_100Hz,Energy_100_200Hz,Energy_200_500Hz,THD,Wav_E_approx,Wav_E_D4,Wav_E_D3,Wav_E_D2,Wav_E_D1,Fault_Type,Severity
3.504086,4.952381,1.413316,-1.500828,-0.002163,12.278574,9.904761,0.0,1e-08,9.19596501,0.0,0.0,0.997421,0.002563,1.5e-05,1e-06,0.0,Nominal,0.0
3.504086,4.952381,1.413316,-1.500828,-0.002163,12.278574,9.904761,0.0,1e-08,9.19596501,0.0,0.0,0.997421,0.002563,1.5e-05,1e-06,0.0,short_circuit,0.5
3.800843,6.153719,1.619041,-1.437997,-0.001539,14.44632,12.296904,0.04767152,1e-08,10.72381367,0.05475094,0.008736,0.994849,0.004885,0.000253,1.3e-05,0.0,phase_imbalance,0.6
4.379916,6.190476,1.413378,-1.500857,-0.002231,19.183595,12.380952,0.0,1e-08,14.36869532,0.0,0.0,0.997382,0.002594,2.3e-05,1e-06,0.0,magnet_demagnetization,0.5
4.268946,6.692283,1.567666,-1.451773,-0.002452,18.223813,13.384069,2.281e-05,0.0021704,13.67398528,1.772e-05,0.000156,0.997391,0.002585,2.3e-05,2e-06,0.0,bearing_fault,0.7
3.504048,4.959241,1.415289,-1.500796,-0.002149,12.278304,9.916663,2.4e-07,2e-07,9.19565396,8.5e-07,3.4e-05,0.99742,0.002564,1.5e-05,1e-06,0.0,wiring_fault,0.4
